Constituency,Surname,First Name,Gender,Party,Party Abbreviation,Count Number,Required To Reach Quota,Required To Save Deposit,Votes,Result,Candidate Id,Constituency Number,Constituency Ainm,Year,Full Name
Galway West, Ó Cuív,Éamon,M,Fianna Fáil,F.F.,14,0,0,9539,Elected,165,23,Gaillimh Thiar,2016,Éamon  Ó Cuív
Louth,Adams,Gerry,M,Sinn Féin,S.F.,11,0,0,10661,Elected,160,31,Lú,2016,Gerry Adams
Cork  East,Ahern,Barbara,F,Fianna Fáil,F.F.,10,3781,0,4594,,169,4,Corcaigh Thoir,2016,Barbara Ahern
Waterford,Ahmed,Sheik Mohiuddin,M,Non-Party,NON-P.,9,0,2443,140,Excluded,160,38,Port  Lairge,2016,Sheik Mohiuddin Ahmed
Dublin Mid-West,Akpoveta,Patrick,M,Non-Party,NON-P.,12,0,1813,288,Excluded,187,643,Baile Átha Cliath Thiar-Meán,2016,Patrick Akpoveta
Tipperary,Ambrose,Siobhán,F,Fianna Fáil,F.F.,7,0,0,4472,Excluded,160,36,Tiobraid Árann,2016,Siobhán Ambrose
Dublin Bay South,Andrews,Chris,M,Sinn Féin,S.F.,8,0,0,3774,Excluded,174,17,Cuan Bhaile Átha Cliath Theas,2016,Chris Andrews
Dublin South-Central,Ardagh,Catherine,F,Fianna Fáil,F.F.,11,728,0,5441,Excluded,160,16,Baile Átha Cliath Theas-Lár,2016,Catherine Ardagh
Carlow-Kilkenny,Aylward,Bobby,M,Fianna Fáil,F.F.,11,334,0,9366,Elected,160,1,Ceatharlach-Cill Chainnigh,2016,Bobby Aylward
Dún Laoghaire,Bailey,Maria,F,Fine Gael,F.G.,7,0,0,10489,Elected,232,21,Dún Laoghaire,2016,Maria Bailey
Longford-Westmeath,Bannon,James,M,Fine Gael,F.G.,15,0,0,4639,Excluded,227,30,An Longfort-An Iarmhí,2016,James Bannon
Cork North-Central,Barry,Mick,M,Anti-Austerity Alliance - People Before Profit,AAA-PBP,11,0,0,8041,Elected,160,5,Corcaigh Thuaidh-Lár,2016,Mick Barry
Cork  East,Barry,Tom,M,Fine Gael,F.G.,10,0,0,3461,Excluded,162,4,Corcaigh Thoir,2016,Tom Barry
Wicklow,Behan,Joe,M,Non-Party,NON-P.,10,0,0,3070,Excluded,160,41,Cill Mhantáin,2016,Joe Behan
Kildare North,Beirne,Michael,M,Non-Party,NON-P.,9,0,2059,372,Excluded,160,26,Cill Dara Thuaidh,2016,Michael Beirne
Limerick City,Bennis,Nora,F,Catholic Democrats,C.D.,6,0,1516,673,Excluded,160,28,Cathair Luimnigh,2016,Nora Bennis
Cork South-Central,Bogue,Lorna,F,Green Party/ Comhaontas Glas,G.P.,11,0,0,2064,Excluded,243,7,Corcaigh Theas-Lár,2016,Lorna Bogue
Meath East,Bonner,Joseph,M,Non-Party,NON-P.,9,0,0,2482,Excluded,178,34,An Mhí Thoir,2016,Joseph Bonner
Offaly,Bopp,Kate,F,Non-Party,NON-P.,7,0,2199,549,Excluded,161,37,Uíbh Fhailí,2016,Kate Bopp
Dún Laoghaire,Boyd Barrett,Richard,M,Anti-Austerity Alliance - People Before Profit,AAA-PBP,7,0,0,9775,Elected,233,21,Dún Laoghaire,2016,Richard Boyd Barrett
Cork  East,Bradford,Paul,M,Renua Ireland,R.I.,10,0,0,3244,Excluded,164,4,Corcaigh Thoir,2016,Paul Bradford
Louth,Bradley,David,M,Non-Party,NON-P.,11,0,2495,319,Excluded,161,31,Lú,2016,David Bradley
Dublin South-Central,Bradley,Neville,M,Direct Democracy Ireland,D.D.I.,11,0,1737,407,Excluded,161,16,Baile Átha Cliath Theas-Lár,2016,Neville Bradley
Wicklow,Brady,John,M,Sinn Féin,S.F.,10,0,0,11151,Elected,161,41,Cill Mhantáin,2016,John Brady
Kerry,Brassil,John,M,Fianna Fáil,F.F.,11,421,0,8156,Elected,160,24,Ciarraí,2016,John Brassil
Louth,Breathnach,Declan,M,Fianna Fáil,F.F.,11,0,0,9099,Elected,162,31,Lú,2016,Declan Breathnach
Sligo-Leitrim,Bree,Declan,M,Non-Party,NON-P.,15,0,0,3250,Excluded,160,35,Sligeach-Liatroim,2016,Declan Bree
Clare,Breen,Pat,M,Fine Gael,F.G.,12,1313,0,6583,Elected,160,3,An Clár,2016,Pat Breen
Wicklow,Briggs,Sharon,F,Anti-Austerity Alliance - People Before Profit,AAA-PBP,10,0,649,1241,Excluded,162,41,Cill Mhantáin,2016,Sharon Briggs
Dublin South-West,Brophy,Colm,M,Fine Gael,F.G.,16,573,0,7195,Elected,202,19,Baile Átha Cliath Thiar Theas,2016,Colm Brophy
Dublin Bay North,Broughan,Tommy,M,Independents 4 Change,I.4.C,15,706,0,5361,Elected,160,13,Cuan Bhaile Átha Cliath Thuaidh,2016,Tommy Broughan
Wexford,Browne,James,M,Fianna Fáil,F.F.,14,0,0,9827,Elected,160,40,Loch Garman,2016,James Browne
Limerick County,Browne,Seamus,M,Sinn Féin,S.F.,6,0,0,3347,Excluded,160,29,Contae Luimnigh,2016,Seamus Browne
Dublin Bay North,Bruton,Richard,M,Fine Gael,F.G.,15,0,0,9792,Elected,161,13,Cuan Bhaile Átha Cliath Thuaidh,2016,Richard Bruton
Cork  East,Buckley,Pat,M,Sinn Féin,S.F.,10,1923,0,5358,Elected,161,4,Corcaigh Thoir,2016,Pat Buckley
Cork  East,Bullman,Paddy,M,Non-Party,NON-P.,10,0,2400,241,Excluded,196,4,Corcaigh Thoir,2016,Paddy Bullman
Dublin Central,Burke,Christy,M,Non-Party,NON-P.,11,0,0,2406,Excluded,160,11,Baile Átha Cliath Láir,2016,Christy Burke
Dublin South-West,Burke,Declan,M,Non-Party,NON-P.,16,0,2243,515,Excluded,203,19,Baile Átha Cliath Thiar Theas,2016,Declan Burke
Longford-Westmeath,Burke,Peter,M,Fine Gael,F.G.,15,0,0,5681,Elected,228,30,An Longfort-An Iarmhí,2016,Peter Burke
Dublin West,Burton,Joan,F,The Labour Party,LAB.,5,382,0,6445,Elected,176,20,Baile Átha Thiar,2016,Joan Burton
Waterford,Butler,Mary,F,Fianna Fáil,F.F.,9,0,0,10603,Elected,161,38,Port  Lairge,2016,Mary Butler
Meath West,Butler,Ray,M,Fine Gael,F.G.,6,3811,0,4432,,178,39,An Mhí Thiar,2016,Ray Butler
Cork South-Central,Buttimer,Jerry,M,Fine Gael,F.G.,11,2020,0,6419,Excluded,244,7,Corcaigh Theas-Lár,2016,Jerry Buttimer
Wexford,Byrne,Aoife,F,Fianna Fáil,F.F.,14,0,0,3164,Excluded,161,40,Loch Garman,2016,Aoife Byrne
Dublin South-Central,Byrne,Catherine,F,Fine Gael,F.G.,11,0,0,6130,Elected,162,16,Baile Átha Cliath Theas-Lár,2016,Catherine Byrne
Dublin South-Central,Byrne,Eric,M,The Labour Party,LAB.,11,0,0,3297,Excluded,163,16,Baile Átha Cliath Theas-Lár,2016,Eric Byrne
Wexford,Byrne,Malcolm,M,Fianna Fáil,F.F.,14,0,0,6115,Excluded,162,40,Loch Garman,2016,Malcolm Byrne
Meath East,Byrne,Thomas,M,Fianna Fáil,F.F.,9,0,0,10818,Elected,179,34,An Mhí Thoir,2016,Thomas Byrne
Tipperary,Cahill,Jackie,M,Fianna Fáil,F.F.,7,0,0,7414,Elected,161,36,Tiobraid Árann,2016,Jackie Cahill
Clare,Cahill,Richard,M,Non-Party,NON-P.,12,0,2152,699,Excluded,161,3,An Clár,2016,Richard Cahill
Cavan-Monaghan,Callaghan,Micheal,M,Green Party/ Comhaontas Glas,G.P.,10,0,1460,1251,Excluded,160,2,An Cabhán-Muineachán,2016,Micheal Callaghan
Louth,Callan,Kevin,M,Non-Party,NON-P.,11,0,0,3541,Excluded,163,31,Lú,2016,Kevin Callan
Mayo,Calleary,Dara,M,Fianna Fáil,F.F.,10,580,0,9402,Elected,160,32,Maigh Eo,2016,Dara Calleary
Galway East,Canney,Seán,M,Non-Party,NON-P.,7,0,0,8447,Elected,160,22,Gaillimh Thoir,2016,Seán Canney
Galway East,Cannon,Ciaran,M,Fine Gael,F.G.,7,1153,0,7123,Elected,161,22,Gaillimh Thoir,2016,Ciaran Cannon
Cork  East,Cannon,Ross,M,Non-Party,NON-P.,10,0,2494,147,Excluded,197,4,Corcaigh Thoir,2016,Ross Cannon
Clare,Carey,Joe,M,Fine Gael,F.G.,12,1486,0,6071,Elected,162,3,An Clár,2016,Joe Carey
Dublin North-West,Carney Boud,Cathleen,F,Sinn Féin,S.F.,9,0,0,2437,Excluded,160,15,Baile Átha Cliath Thiar Thuaidh,2016,Cathleen Carney Boud
Wexford,Carthy,Ger,M,Non-Party,NON-P.,14,0,0,3134,Excluded,163,40,Loch Garman,2016,Ger Carthy
Dublin West,Casey,Dermot,M,Non-Party,NON-P.,5,0,1873,225,Excluded,177,20,Baile Átha Thiar,2016,Dermot Casey
Wicklow,Casey,Pat,M,Fianna Fáil,F.F.,10,1208,0,6289,Elected,163,41,Cill Mhantáin,2016,Pat Casey
Meath West,Cassells,Shane,M,Fianna Fáil,F.F.,6,0,0,10585,Elected,179,39,An Mhí Thiar,2016,Shane Cassells
Sligo-Leitrim,Casserly,Marie,F,Non-Party,NON-P.,15,0,0,2726,Excluded,161,35,Sligeach-Liatroim,2016,Marie Casserly
Dublin West,Chambers,Jack,M,Fianna Fáil,F.F.,5,76,0,6917,Elected,178,20,Baile Átha Thiar,2016,Jack Chambers
Mayo,Chambers,Lisa,F,Fianna Fáil,F.F.,10,1044,0,8231,Elected,161,32,Maigh Eo,2016,Lisa Chambers
Galway West,Charity,James,M,Non-Party,NON-P.,14,0,1411,1171,Excluded,160,23,Gaillimh Thiar,2016,James Charity
Dublin West,Clare,Tj,M,Non-Party,NON-P.,5,0,884,1092,Excluded,179,20,Baile Átha Thiar,2016,Tj Clare
Dublin Bay North,Clarke,Paul,M,Non-Party,NON-P.,15,0,2762,306,Excluded,162,13,Cuan Bhaile Átha Cliath Thuaidh,2016,Paul Clarke
Dublin Fingal,Clifford-Lee,Lorraine,F,Fianna Fáil,F.F.,10,0,0,3359,Excluded,160,14,Baile Átha Cliath - Fine Gall,2016,Lorraine Clifford-Lee
Galway West,Clochartaigh,Trevor Ó,M,Sinn Féin,S.F.,14,2635,0,5755,,161,23,Gaillimh Thiar,2016,Trevor Ó Clochartaigh
Louth,Coffey,Emma,F,Fianna Fáil,F.F.,11,0,0,3422,Excluded,164,31,Lú,2016,Emma Coffey
Waterford,Coffey,Paudie,M,Fine Gael,F.G.,9,1237,0,7209,Excluded,162,38,Port  Lairge,2016,Paudie Coffey
Cork South-West,Coleman,Alan,M,Non-Party,NON-P.,5,0,0,4955,Excluded,195,8,Corcaigh Thiar Theas,2016,Alan Coleman
Roscommon-Galway,Coleman,Tony,M,Non-Party,NON-P.,8,0,2619,214,Excluded,162,996,Ros Comáin-Gaillimh,2016,Tony Coleman
Clare,Colleran-Molloy,Clare,F,Fianna Fáil,F.F.,12,0,0,2639,Excluded,163,3,An Clár,2016,Clare Colleran-Molloy
Cork North-West,Collins,Áine Collins,F,Fine Gael,F.G.,9,0,0,6237,Excluded,179,6,Corcaigh Thiar Thuaidh,2016,Áine Collins Collins
Dublin South-Central,Collins,Joan,F,Independents 4 Change,I.4.C,11,0,0,6195,Elected,164,16,Baile Átha Cliath Theas-Lár,2016,Joan Collins
Cork South-West,Collins,Michael,M,Non-Party,NON-P.,5,0,0,6765,Elected,193,8,Corcaigh Thiar Theas,2016,Michael Collins
Limerick County,Collins,Niall,M,Fianna Fáil,F.F.,6,0,0,12276,Elected,161,29,Contae Luimnigh,2016,Niall Collins
Cavan-Monaghan,Conlan,Sean,M,Non-Party,NON-P.,10,0,1003,1665,Excluded,161,2,An Cabhán-Muineachán,2016,Sean Conlan
Galway East,Connaughton,Paul,M,Fine Gael,F.G.,7,2457,0,6474,,162,22,Gaillimh Thoir,2016,Paul Connaughton
Laois,Connell,Thomasina,F,Fine Gael,F.G.,3,4578,0,4233,,160,27,Laois,2016,Thomasina Connell
Galway West,Connolly,Catherine Martina Ann,F,Non-Party,NON-P.,14,473,0,4877,Elected,162,23,Gaillimh Thiar,2016,Catherine Martina Ann Connolly
Galway West,Connolly,John,M,Fianna Fáil,F.F.,14,0,0,3885,Excluded,163,23,Gaillimh Thiar,2016,John Connolly
Louth,Connor,Anthony,M,Direct Democracy Ireland,D.D.I.,11,0,2138,676,Excluded,165,31,Lú,2016,Anthony Connor
Dublin North-West,Conroy,Caroline,F,Green Party/ Comhaontas Glas,G.P.,9,0,1194,915,Excluded,161,15,Baile Átha Cliath Thiar Thuaidh,2016,Caroline Conroy
Roscommon-Galway,Conroy,Eddie,M,Anti-Austerity Alliance - People Before Profit,AAA-PBP,8,0,1684,982,Excluded,160,996,Ros Comáin-Gaillimh,2016,Eddie Conroy
Waterford,Conway,Ciara,F,The Labour Party,LAB.,9,0,137,2268,Excluded,163,38,Port  Lairge,2016,Ciara Conway
Mayo,Conway-Walsh,Rose,F,Sinn Féin,S.F.,10,0,0,6414,Excluded,162,32,Maigh Eo,2016,Rose Conway-Walsh
Tipperary,Coonan,Noel,M,Fine Gael,F.G.,7,0,0,4782,Excluded,162,36,Tiobraid Árann,2016,Noel Coonan
Dublin Bay North,Cooney,Donna,F,Green Party/ Comhaontas Glas,G.P.,15,0,2013,1024,Excluded,163,13,Cuan Bhaile Átha Cliath Thuaidh,2016,Donna Cooney
Dublin West,Coppinger,Ruth,F,Anti-Austerity Alliance - People Before Profit,AAA-PBP,5,0,0,6520,Elected,180,20,Baile Átha Thiar,2016,Ruth Coppinger
Kerry,Corcoran,Donal,M,Renua Ireland,R.I.,11,0,2404,716,Excluded,161,24,Ciarraí,2016,Donal Corcoran
Offaly,Corcoran Kennedy,Marcella,F,Fine Gael,F.G.,7,0,0,6838,Elected,162,37,Uíbh Fhailí,2016,Marcella Corcoran Kennedy
Dublin Central,Costello,Joe,M,The Labour Party,LAB.,11,0,0,2092,Excluded,161,11,Baile Átha Cliath Láir,2016,Joe Costello
Cork South-Central,Coveney,Simon,M,Fine Gael,F.G.,11,765,0,7965,Elected,245,7,Corcaigh Theas-Lár,2016,Simon Coveney
Offaly,Cowen,Barry,M,Fianna Fáil,F.F.,7,0,0,12366,Elected,163,37,Uíbh Fhailí,2016,Barry Cowen
Mayo,Cowley,Jerry,M,Non-Party,NON-P.,10,0,0,3479,Excluded,163,32,Maigh Eo,2016,Jerry Cowley
Dublin South-Central,Coyne,Liam,M,Social Democrats,S.D.,11,0,0,2434,Excluded,165,16,Baile Átha Cliath Theas-Lár,2016,Liam Coyne
Cork North-West,Creed,Michael,M,Fine Gael,F.G.,9,0,0,8869,Elected,178,6,Corcaigh Thiar Thuaidh,2016,Michael Creed
Dublin Bay South,Creighton,Lucinda,F,Renua Ireland,R.I.,8,0,0,4229,Excluded,175,17,Cuan Bhaile Átha Cliath Theas,2016,Lucinda Creighton
Wicklow,Cronin,Avril,F,Fine Gael,F.G.,10,0,546,2091,Excluded,164,41,Cill Mhantáin,2016,Avril Cronin
Dún Laoghaire,Cronin,Frank,M,Renua Ireland,R.I.,7,0,1891,1812,Excluded,234,21,Dún Laoghaire,2016,Frank Cronin
Kildare North,Cronin,Réada,F,Sinn Féin,S.F.,9,0,0,3205,Excluded,161,26,Cill Dara Thuaidh,2016,Réada Cronin
Kildare South,Crowe,Declan,M,Non-Party,NON-P.,6,0,0,2143,Excluded,174,187,Cill Dara Theas,2016,Declan Crowe
Dublin South-West,Crowe,Seán,M,Sinn Féin,S.F.,16,0,0,6974,Elected,204,19,Baile Átha Cliath Thiar Theas,2016,Seán Crowe
Galway West,Cubbard,Mike,M,Non-Party,NON-P.,14,0,145,2122,Excluded,164,23,Gaillimh Thiar,2016,Mike Cubbard
Wicklow,Cuffe,Jennifer,F,Fianna Fáil,F.F.,10,0,0,2990,Excluded,165,41,Cill Mhantáin,2016,Jennifer Cuffe
Waterford,Cullinane,David,M,Sinn Féin,S.F.,9,0,0,9739,Elected,164,38,Port  Lairge,2016,David Cullinane
Dublin Mid-West,Curran,John,M,Fianna Fáil,F.F.,12,0,0,6971,Elected,188,643,Baile Átha Cliath Thiar-Meán,2016,John Curran
Roscommon-Galway,Curran,Shane,M,Fianna Fáil,F.F.,8,0,467,2006,Excluded,161,996,Ros Comáin-Gaillimh,2016,Shane Curran
Cork  East,Curtin,Ken,M,Social Democrats,S.D.,10,0,1071,1386,Excluded,172,4,Corcaigh Thoir,2016,Ken Curtin
Dublin Fingal,Daly,Clare,F,Independents 4 Change,I.4.C,10,0,0,9480,Elected,161,14,Baile Átha Cliath - Fine Gall,2016,Clare Daly
Cork South-West,Daly,Jim,M,Fine Gael,F.G.,5,1016,0,7370,Elected,189,8,Corcaigh Thiar Theas,2016,Jim Daly
Wexford,D'arcy,Michael,M,Fine Gael,F.G.,14,299,0,7798,Elected,164,40,Loch Garman,2016,Michael D'arcy
Dublin Rathdown,Daveron,Alan,M,Renua Ireland,R.I.,6,0,1514,1055,Excluded,223,18,Baile Átha Cliath-Ráth an Dúin,2016,Alan Daveron
Galway West,Daveron,Nicola,F,Renua Ireland,R.I.,14,0,1653,994,Excluded,166,23,Gaillimh Thiar,2016,Nicola Daveron
Dublin Fingal,De Brun,Dr. Marcus,M,Non-Party,NON-P.,10,0,1884,627,Excluded,162,14,Baile Átha Cliath - Fine Gall,2016,Dr. Marcus De Brun
Louth,Dearey,Mark,M,Green Party/ Comhaontas Glas,G.P.,11,0,0,3187,Excluded,166,31,Lú,2016,Mark Dearey
Waterford,Deasy,John,M,Fine Gael,F.G.,9,670,0,7641,Elected,165,38,Port  Lairge,2016,John Deasy
Kerry,Deenihan,Jimmy,M,Fine Gael,F.G.,11,3434,0,6489,,162,24,Ciarraí,2016,Jimmy Deenihan
Carlow-Kilkenny,Deering,Pat,M,Fine Gael,F.G.,11,520,0,6562,Elected,161,1,Ceatharlach-Cill Chainnigh,2016,Pat Deering
Cork North-West,Dennehy,Nigel,M,Sinn Féin,S.F.,9,0,0,3238,Excluded,182,6,Corcaigh Thiar Thuaidh,2016,Nigel Dennehy
Dublin South-West,Dermody,Anne-Marie,F,Fine Gael,F.G.,16,1709,0,6463,,205,19,Baile Átha Cliath Thiar Theas,2016,Anne-Marie Dermody
Dublin South-Central,Devine,Máire,F,Sinn Féin,S.F.,11,0,0,3332,Excluded,166,16,Baile Átha Cliath Theas-Lár,2016,Máire Devine
Dún Laoghaire,Devlin,Cormac,M,Fianna Fáil,F.F.,7,0,0,4665,Excluded,235,21,Dún Laoghaire,2016,Cormac Devlin
Dublin North-West,Dignam,Jimmy,M,Workers Party,W.P.,9,0,1551,692,Excluded,162,15,Baile Átha Cliath Thiar Thuaidh,2016,Jimmy Dignam
Tipperary,Dillon,Michael,M,Non-Party,NON-P.,7,0,3011,238,Excluded,163,36,Tiobraid Árann,2016,Michael Dillon
Donegal,Doherty,Gary,M,Sinn Féin,S.F.,13,0,0,4136,Excluded,160,9,Dún na nGall,2016,Gary Doherty
Donegal,Doherty,Pearse,M,Sinn Féin,S.F.,13,0,0,10300,Elected,161,9,Dún na nGall,2016,Pearse Doherty
Meath East,Doherty,Regina,F,Fine Gael,F.G.,9,736,0,6830,Elected,180,34,An Mhí Thoir,2016,Regina Doherty
Dublin West,Donnelly,Paul,M,Sinn Féin,S.F.,5,1300,0,6034,,181,20,Baile Átha Thiar,2016,Paul Donnelly
Wicklow,Donnelly,Stephen,M,Social Democrats,S.D.,10,0,0,14348,Elected,166,41,Cill Mhantáin,2016,Stephen Donnelly
Dublin Central,Donohoe,Paschal,M,Fine Gael,F.G.,11,475,0,3226,Elected,162,11,Baile Átha Cliath Láir,2016,Paschal Donohoe
Clare,Dooley,Timmy,M,Fianna Fáil,F.F.,12,0,0,10215,Elected,164,3,An Clár,2016,Timmy Dooley
Wicklow,Doyle,Andrew,M,Fine Gael,F.G.,10,1074,0,6045,Elected,167,41,Cill Mhantáin,2016,Andrew Doyle
Wicklow,Doyle,Anna,F,Anti-Austerity Alliance - People Before Profit,AAA-PBP,10,0,2213,539,Excluded,168,41,Cill Mhantáin,2016,Anna Doyle
Dublin South-West,Duff,Mick,M,The Labour Party,LAB.,16,0,684,1743,Excluded,206,19,Baile Átha Cliath Thiar Theas,2016,Mick Duff
Dublin South-West,Duffy,Francis Noel,M,Green Party/ Comhaontas Glas,G.P.,16,0,1467,1297,Excluded,207,19,Baile Átha Cliath Thiar Theas,2016,Francis Noel Duffy
Kildare North,Dunne,Ger,M,Non-Party,NON-P.,9,0,2187,249,Excluded,162,26,Cill Dara Thuaidh,2016,Ger Dunne
Waterford,Dunphy,Úna,F,Anti-Austerity Alliance - People Before Profit,AAA-PBP,9,0,729,1646,Excluded,166,38,Port  Lairge,2016,Úna Dunphy
Kildare North,Durkan,Bernard,M,Fine Gael,F.G.,9,898,0,6147,Elected,163,26,Cill Dara Thuaidh,2016,Bernard Durkan
Cavan-Monaghan,Durkan,Mike,M,Fianna Fáil,F.F.,10,0,0,2909,Excluded,162,2,An Cabhán-Muineachán,2016,Mike Durkan
Wexford,Dwyer,John,M,Non-Party,NON-P.,14,0,1625,1265,Excluded,165,40,Loch Garman,2016,John Dwyer
Dublin North-West,Ellis,Dessie,M,Sinn Féin,S.F.,9,0,0,7571,Elected,163,15,Baile Átha Cliath Thiar Thuaidh,2016,Dessie Ellis
Meath West,English,Damien,M,Fine Gael,F.G.,6,0,0,8123,Elected,180,39,An Mhí Thiar,2016,Damien English
Longford-Westmeath,Fagan,Brian,M,Non-Party,NON-P.,15,0,1711,897,Excluded,229,30,An Longfort-An Iarmhí,2016,Brian Fagan
Galway East,Fahy,Michael,M,Non-Party,NON-P.,7,0,410,2358,Excluded,163,22,Gaillimh Thoir,2016,Michael Fahy
Roscommon-Galway,Fallon,Thomas Declan,M,Non-Party,NON-P.,8,0,2768,75,Excluded,163,996,Ros Comáin-Gaillimh,2016,Thomas Declan Fallon
Dublin Fingal,Farrell,Alan,M,Fine Gael,F.G.,10,100,0,7514,Elected,163,14,Baile Átha Cliath - Fine Gall,2016,Alan Farrell
Roscommon-Galway,Farrell,Anne,F,Renua Ireland,R.I.,8,0,2240,520,Excluded,164,996,Ros Comáin-Gaillimh,2016,Anne Farrell
Mayo,Farrington,Michael Patrick,M,Renua Ireland,R.I.,10,0,1524,1574,Excluded,164,32,Maigh Eo,2016,Michael Patrick Farrington
Dublin South-West,Fay,Sandra,F,Anti-Austerity Alliance - People Before Profit,AAA-PBP,16,0,0,3241,Excluded,208,19,Baile Átha Cliath Thiar Theas,2016,Sandra Fay
Galway West,Feeney,Patrick,M,Non-Party,NON-P.,14,0,2657,22,Excluded,167,23,Gaillimh Thiar,2016,Patrick Feeney
Wicklow,Ferris,Anne,F,The Labour Party,LAB.,10,0,0,2634,Excluded,169,41,Cill Mhantáin,2016,Anne Ferris
Kerry,Ferris,Martin,M,Sinn Féin,S.F.,11,249,0,9458,Elected,163,24,Ciarraí,2016,Martin Ferris
Offaly,Fettes,Christopher,M,Green Party/ Comhaontas Glas,G.P.,7,0,2221,525,Excluded,164,37,Uíbh Fhailí,2016,Christopher Fettes
Sligo-Leitrim,Filan,Finbarr,M,Renua Ireland,R.I.,15,0,2205,881,Excluded,163,35,Sligeach-Liatroim,2016,Finbarr Filan
Cork South-Central,Finn,Mick,M,Non-Party,NON-P.,11,0,0,2378,Excluded,246,7,Corcaigh Theas-Lár,2016,Mick Finn
Kerry,Finucane,Brian,M,Anti-Austerity Alliance - People Before Profit,AAA-PBP,11,0,1875,981,Excluded,164,24,Ciarraí,2016,Brian Finucane
Carlow-Kilkenny,Fitzgerald,David,M,Fine Gael,F.G.,11,0,0,5017,Excluded,162,1,Ceatharlach-Cill Chainnigh,2016,David Fitzgerald
Dublin Mid-West,Fitzgerald,Frances,F,Fine Gael,F.G.,12,0,0,9028,Elected,189,643,Baile Átha Cliath Thiar-Meán,2016,Frances Fitzgerald
Cork North-West,Fitzgerald,Jason,M,Renua Ireland,R.I.,9,0,1056,1568,Excluded,188,6,Corcaigh Thiar Thuaidh,2016,Jason Fitzgerald
Kerry,Fitzgerald,Michael,M,Green Party/ Comhaontas Glas,G.P.,11,0,2082,1011,Excluded,165,24,Ciarraí,2016,Michael Fitzgerald
Kildare North,Fitzgerald,Shane,M,Renua Ireland,R.I.,9,0,1212,994,Excluded,164,26,Cill Dara Thuaidh,2016,Shane Fitzgerald
Tipperary,Fitzgibbon,Gearóid,M,Green Party/ Comhaontas Glas,G.P.,7,0,1908,1341,Excluded,164,36,Tiobraid Árann,2016,Gearóid Fitzgibbon
Kerry,Fitzgibbon,Mary Elizabeth,F,Non-Party,NON-P.,11,0,2552,635,Excluded,166,24,Ciarraí,2016,Mary Elizabeth Fitzgibbon
Roscommon-Galway,Fitzmaurice,Michael,M,Non-Party,NON-P.,8,0,0,9750,Elected,165,996,Ros Comáin-Gaillimh,2016,Michael Fitzmaurice
Offaly,Fitzpatrick,Eddie,M,Fianna Fáil,F.F.,7,2289,0,3394,Excluded,165,37,Uíbh Fhailí,2016,Eddie Fitzpatrick
Dublin Central,Fitzpatrick,Mary,F,Fianna Fáil,F.F.,11,0,0,2508,Excluded,163,11,Baile Átha Cliath Láir,2016,Mary Fitzpatrick
Louth,Fitzpatrick,Peter,M,Fine Gael,F.G.,11,2123,0,6408,Elected,167,31,Lú,2016,Peter Fitzpatrick
Dublin South-West,Fitzpatrick,Peter,M,Non-Party,NON-P.,16,0,0,2812,Excluded,209,19,Baile Átha Cliath Thiar Theas,2016,Peter Fitzpatrick
Laois,Flanagan,Charlie,M,Fine Gael,F.G.,3,193,0,8370,Elected,161,27,Laois,2016,Charlie Flanagan
Donegal,Flanagan,Paula Mary,F,Green Party/ Comhaontas Glas,G.P.,13,0,2612,428,Excluded,162,9,Dún na nGall,2016,Paula Mary Flanagan
Dublin Bay North,Flanagan,Terence,M,Renua Ireland,R.I.,15,0,0,3205,Excluded,164,13,Cuan Bhaile Átha Cliath Thuaidh,2016,Terence Flanagan
Laois,Fleming,Seán,M,Fianna Fáil,F.F.,3,0,0,13626,Elected,162,27,Laois,2016,Seán Fleming
Dublin Bay South,Flynn,Mannix,M,Non-Party,NON-P.,8,0,338,1525,Excluded,176,17,Cuan Bhaile Átha Cliath Theas,2016,Mannix Flynn
Offaly,Foley,John,M,Non-Party,NON-P.,7,0,0,4200,Excluded,166,37,Uíbh Fhailí,2016,John Foley
Mayo,Forkin,Sean,M,Non-Party,NON-P.,10,0,3141,42,Excluded,165,32,Maigh Eo,2016,Sean Forkin
Wexford,Foxe,Caroline,F,Non-Party,NON-P.,14,0,2031,930,Excluded,166,40,Loch Garman,2016,Caroline Foxe
Dublin Fingal,Fuller,Roslyn,F,Non-Party,NON-P.,10,0,1742,772,Excluded,164,14,Baile Átha Cliath - Fine Gall,2016,Roslyn Fuller
Carlow-Kilkenny,Funchion,Kathleen,F,Sinn Féin,S.F.,11,0,0,8700,Elected,163,1,Ceatharlach-Cill Chainnigh,2016,Kathleen Funchion
Limerick City,Gaffney,James,M,Green Party/ Comhaontas Glas,G.P.,6,0,1258,964,Excluded,161,28,Cathair Luimnigh,2016,James Gaffney
Sligo-Leitrim,Gallagher,Nigel,M,Anti-Austerity Alliance - People Before Profit,AAA-PBP,15,0,1044,1768,Excluded,164,35,Sligeach-Liatroim,2016,Nigel Gallagher
Donegal,Gallagher,Pat The Cope,M,Fianna Fáil,F.F.,13,0,0,10198,Elected,163,9,Dún na nGall,2016,Pat The Cope Gallagher
Dublin Central,Gannon,Gary,M,Social Democrats,S.D.,11,974,0,2307,Excluded,164,11,Baile Átha Cliath Láir,2016,Gary Gannon
Dublin South-Central,Gargan,Michael,M,Renua Ireland,R.I.,11,0,1201,893,Excluded,167,16,Baile Átha Cliath Theas-Lár,2016,Michael Gargan
Kerry,Gaynor,Henry,M,Non-Party,NON-P.,11,0,3146,147,Excluded,167,24,Ciarraí,2016,Henry Gaynor
Longford-Westmeath,Gerety-Quinn,Connie,F,Fianna Fáil,F.F.,15,0,0,3943,Excluded,230,30,An Longfort-An Iarmhí,2016,Connie Gerety-Quinn
Dublin Central,Gilbourne,Jacqui,F,Renua Ireland,R.I.,11,0,1142,330,Excluded,165,11,Baile Átha Cliath Láir,2016,Jacqui Gilbourne
Carlow-Kilkenny,Gilligan,Keith Martin,M,Non-Party,NON-P.,11,0,2462,456,Excluded,164,1,Ceatharlach-Cill Chainnigh,2016,Keith Martin Gilligan
Meath East,Gilroy,Ben,M,Direct Democracy Ireland,D.D.I.,9,0,1689,794,Excluded,181,34,An Mhí Thoir,2016,Ben Gilroy
Dublin Mid-West,Gogarty,Paul Nicholas,M,Non-Party,NON-P.,12,0,0,2522,Excluded,190,643,Baile Átha Cliath Thiar-Meán,2016,Paul Nicholas Gogarty
Meath West,Golden,Trevor,M,Non-Party,NON-P.,6,0,0,1718,Excluded,181,39,An Mhí Thiar,2016,Trevor Golden
Dublin Central,Gorman,William  D.j.,M,Non-Party,NON-P.,11,0,1454,27,Excluded,166,11,Baile Átha Cliath Láir,2016,William  D.j. Gorman
Dublin Bay South,Gorman,William D.j.,M,Non-Party,NON-P.,8,0,1889,97,Excluded,177,17,Cuan Bhaile Átha Cliath Theas,2016,William D.j. Gorman
Cork North-Central,Gould,Thomas,M,Sinn Féin,S.F.,11,0,0,3773,Excluded,161,5,Corcaigh Thuaidh-Lár,2016,Thomas Gould
Galway West,Grealish,Noel,M,Non-Party,NON-P.,14,0,0,7187,Elected,168,23,Gaillimh Thiar,2016,Noel Grealish
Louth,Greene,Patrick,M,Direct Democracy Ireland,D.D.I.,11,0,2687,127,Excluded,168,31,Lú,2016,Patrick Greene
Kerry,Griffin,Brendan,M,Fine Gael,F.G.,11,0,0,9674,Elected,169,24,Ciarraí,2016,Brendan Griffin
Cork North-West,Griffin,Shirley,F,Non-Party,NON-P.,9,0,2497,439,Excluded,186,6,Corcaigh Thiar Thuaidh,2016,Shirley Griffin
Sligo-Leitrim,Guckian,Des,M,Non-Party,NON-P.,15,0,1964,1060,Excluded,165,35,Sligeach-Liatroim,2016,Des Guckian
Dublin Bay North,Guerin,Jimmy,M,Non-Party,NON-P.,15,0,2286,756,Excluded,165,13,Cuan Bhaile Átha Cliath Thuaidh,2016,Jimmy Guerin
Dublin Central,Guinan,Kerry,F,Non-Party,NON-P.,11,0,1423,58,Excluded,167,11,Baile Átha Cliath Láir,2016,Kerry Guinan
Waterford,Halligan,John,M,Non-Party,NON-P.,9,0,0,8306,Elected,167,38,Port  Lairge,2016,John Halligan
Dún Laoghaire,Hanafin,Mary,F,Fianna Fáil,F.F.,7,3841,0,6478,,236,21,Dún Laoghaire,2016,Mary Hanafin
Dublin South-Central,Hand,Paul,M,Non-Party,NON-P.,11,0,0,2011,Excluded,168,16,Baile Átha Cliath Theas-Lár,2016,Paul Hand
Meath East,Hannigan,Dominic,M,The Labour Party,LAB.,9,0,0,2270,Excluded,182,34,An Mhí Thoir,2016,Dominic Hannigan
Offaly,Hannigan,Joe,M,Non-Party,NON-P.,7,0,0,5188,Excluded,167,37,Uíbh Fhailí,2016,Joe Hannigan
Cork South-West,Harrington,Noel,M,Fine Gael,F.G.,5,2607,0,6433,,190,8,Corcaigh Thiar Theas,2016,Noel Harrington
Cork South-Central,Harris,Joe,M,Non-Party,NON-P.,11,0,2397,350,Excluded,247,7,Corcaigh Theas-Lár,2016,Joe Harris
Wicklow,Harris,Simon,M,Fine Gael,F.G.,10,0,0,10819,Elected,170,41,Cill Mhantáin,2016,Simon Harris
Donegal,Harte,Paddy,M,Fine Gael,F.G.,13,0,0,2831,Excluded,164,9,Dún na nGall,2016,Paddy Harte
Clare,Harty,Michael,M,Non-Party,NON-P.,12,0,0,8629,Elected,165,3,An Clár,2016,Michael Harty
Cork  East,Harty,Natasha,F,Green Party/ Comhaontas Glas,G.P.,10,0,1835,806,Excluded,165,4,Corcaigh Thoir,2016,Natasha Harty
Dublin Bay North,Haughey,Seán,M,Fianna Fáil,F.F.,15,0,0,8007,Elected,166,13,Cuan Bhaile Átha Cliath Thuaidh,2016,Seán Haughey
Limerick City,Hayes,Des,M,Non-Party,NON-P.,6,0,2025,254,Excluded,162,28,Cathair Luimnigh,2016,Des Hayes
Tipperary,Hayes,Tom,M,Fine Gael,F.G.,7,2555,0,6218,,165,36,Tiobraid Árann,2016,Tom Hayes
Dublin Mid-West,Healy,Christopher,M,Direct Democracy Ireland,D.D.I.,12,0,1976,167,Excluded,191,643,Baile Átha Cliath Thiar-Meán,2016,Christopher Healy
Tipperary,Healy,Seamus,M,Non-Party,NON-P.,7,118,0,7452,Elected,166,36,Tiobraid Árann,2016,Seamus Healy
Longford-Westmeath,Healy,Stephanie,F,Direct Democracy Ireland,D.D.I.,15,0,2631,132,Excluded,231,30,An Longfort-An Iarmhí,2016,Stephanie Healy
Galway West,Healy Eames,Dr. Fidelma,F,Non-Party,NON-P.,14,0,1021,1394,Excluded,169,23,Gaillimh Thiar,2016,Dr. Fidelma Healy Eames
Kerry,Healy-Rae,Danny,M,Non-Party,NON-P.,11,0,0,9991,Elected,170,24,Ciarraí,2016,Danny Healy-Rae
Kerry,Healy-Rae,Michael,M,Non-Party,NON-P.,11,0,0,20378,Elected,171,24,Ciarraí,2016,Michael Healy-Rae
Cork South-West,Heaney,Theresa,F,Catholic Democrats,C.D.,5,0,2018,686,Excluded,200,8,Corcaigh Thiar Theas,2016,Theresa Heaney
Limerick County,Heffernan,James,M,Social Democrats,S.D.,6,0,0,3270,Excluded,162,29,Contae Luimnigh,2016,James Heffernan
Dublin Bay North,Heney,Deirdre,F,Fianna Fáil,F.F.,15,0,0,3360,Excluded,167,13,Cuan Bhaile Átha Cliath Thuaidh,2016,Deirdre Heney
Limerick City,Hennelly,Sarah Jane,F,Social Democrats,S.D.,6,0,0,2747,Excluded,163,28,Cathair Luimnigh,2016,Sarah Jane Hennelly
Dublin Mid-West,Hennessy,Lorraine,F,Workers Party,W.P.,12,0,1543,502,Excluded,192,643,Baile Átha Cliath Thiar-Meán,2016,Lorraine Hennessy
Roscommon-Galway,Hennessy,Miriam,F,Green Party/ Comhaontas Glas,G.P.,8,0,2549,286,Excluded,166,996,Ros Comáin-Gaillimh,2016,Miriam Hennessy
Kildare South,Heydon,Martin,M,Fine Gael,F.G.,6,0,0,7851,Elected,175,187,Cill Dara Theas,2016,Martin Heydon
Galway East,Higgins,Lorraine,F,The Labour Party,LAB.,7,0,0,4531,Excluded,164,22,Gaillimh Thoir,2016,Lorraine Higgins
Galway West,Hoade,Mary,F,Fianna Fáil,F.F.,14,0,5,2205,Excluded,170,23,Gaillimh Thiar,2016,Mary Hoade
Wexford,Hogan,Julie,F,Fine Gael,F.G.,14,0,1682,1214,Excluded,167,40,Loch Garman,2016,Julie Hogan
Longford-Westmeath,Hogan,Paul,M,Sinn Féin,S.F.,15,3226,0,5270,,232,30,An Longfort-An Iarmhí,2016,Paul Hogan
Dublin South-West,Holland,Sarah,F,Sinn Féin,S.F.,16,0,0,2616,Excluded,210,19,Baile Átha Cliath Thiar Theas,2016,Sarah Holland
Galway West,Holohan,Tommy,M,Anti-Austerity Alliance - People Before Profit,AAA-PBP,14,0,1607,1017,Excluded,171,23,Gaillimh Thiar,2016,Tommy Holohan
Roscommon-Galway,Hopkins,Maura,F,Fine Gael,F.G.,8,2108,0,6812,,167,996,Ros Comáin-Gaillimh,2016,Maura Hopkins
Cork South-Central,Hourihane,Elizabeth,F,Non-Party,NON-P.,11,0,2452,304,Excluded,248,7,Corcaigh Theas-Lár,2016,Elizabeth Hourihane
Clare,Howard,Mary,F,Fine Gael,F.G.,12,0,732,2053,Excluded,166,3,An Clár,2016,Mary Howard
Wexford,Howlin,Brendan,M,The Labour Party,LAB.,14,0,0,10574,Elected,168,40,Loch Garman,2016,Brendan Howlin
Dublin North-West,Hughes,Bernie,F,Non-Party,NON-P.,9,0,859,1120,Excluded,164,15,Baile Átha Cliath Thiar Thuaidh,2016,Bernie Hughes
Cavan-Monaghan,Humphreys,Heather,F,Fine Gael,F.G.,10,0,0,12391,Elected,163,2,An Cabhán-Muineachán,2016,Heather Humphreys
Dublin Bay South,Humphreys,Kevin,M,The Labour Party,LAB.,8,1720,0,4205,,178,17,Cuan Bhaile Átha Cliath Theas,2016,Kevin Humphreys
Dún Laoghaire,Hunt,Carol,F,Non-Party,NON-P.,7,0,93,3152,Excluded,237,21,Dún Laoghaire,2016,Carol Hunt
Wicklow,Hutchinson,Katrina,F,Direct Democracy Ireland,D.D.I.,10,0,2651,168,Excluded,171,41,Cill Mhantáin,2016,Katrina Hutchinson
Longford-Westmeath,Jackson,Donal,M,Non-Party,NON-P.,15,0,2712,51,Excluded,233,30,An Longfort-An Iarmhí,2016,Donal Jackson
Donegal,Jackson,Tim,M,Non-Party,NON-P.,13,0,0,3580,Excluded,165,9,Dún na nGall,2016,Tim Jackson
Mayo,Jordan,Peter,M,Non-Party,NON-P.,10,0,2986,176,Excluded,166,32,Maigh Eo,2016,Peter Jordan
Mayo,Kamal Uddin,Mohammad,M,Non-Party,NON-P.,10,0,3033,144,Excluded,167,32,Maigh Eo,2016,Mohammad Kamal Uddin
Wicklow,Kearns,Bob,M,Non-Party,NON-P.,10,0,2748,112,Excluded,172,41,Cill Mhantáin,2016,Bob Kearns
Dublin South-West,Kearns,Pamela,F,The Labour Party,LAB.,16,0,0,2635,Excluded,211,19,Baile Átha Cliath Thiar Theas,2016,Pamela Kearns
Dublin Mid-West,Keating,Derek,M,Fine Gael,F.G.,12,0,0,2337,Excluded,193,643,Baile Átha Cliath Thiar-Meán,2016,Derek Keating
Galway East,Keaveney,Colm,M,Fianna Fáil,F.F.,7,0,0,5436,Excluded,165,22,Gaillimh Thoir,2016,Colm Keaveney
Wicklow,Keddy,Charlie,M,Non-Party,NON-P.,10,0,2348,447,Excluded,173,41,Cill Mhantáin,2016,Charlie Keddy
Dublin North-West,Keegan,Andrew,M,Anti-Austerity Alliance - People Before Profit,AAA-PBP,9,0,0,1434,Excluded,165,15,Baile Átha Cliath Thiar Thuaidh,2016,Andrew Keegan
Wexford,Kehoe,Paul,M,Fine Gael,F.G.,14,2240,0,7696,Elected,169,40,Loch Garman,2016,Paul Kehoe
Dublin Bay South,Keigher,John Dominic,M,Non-Party,NON-P.,8,0,1949,37,Excluded,179,17,Cuan Bhaile Átha Cliath Theas,2016,John Dominic Keigher
Cork North-Central,Kelleher,Billy,M,Fianna Fáil,F.F.,11,0,0,14286,Elected,162,5,Corcaigh Thuaidh-Lár,2016,Billy Kelleher
Dublin Fingal,Kelleher,Terry,M,Anti-Austerity Alliance - People Before Profit,AAA-PBP,10,0,307,2067,Excluded,165,14,Baile Átha Cliath - Fine Gall,2016,Terry Kelleher
Tipperary,Kelly,Alan,M,The Labour Party,LAB.,7,1242,0,7746,Elected,167,36,Tiobraid Árann,2016,Alan Kelly
Roscommon-Galway,Kelly,John,M,The Labour Party,LAB.,8,0,1414,1211,Excluded,168,996,Ros Comáin-Gaillimh,2016,John Kelly
Wexford,Kelly,Leonard,M,Social Democrats,S.D.,14,0,808,1635,Excluded,170,40,Loch Garman,2016,Leonard Kelly
Cork South-Central,Kenneally,Ciarán,M,Renua Ireland,R.I.,11,0,1771,887,Excluded,249,7,Corcaigh Theas-Lár,2016,Ciarán Kenneally
Kildare South,Kennedy,Mary,F,Renua Ireland,R.I.,6,0,1513,787,Excluded,176,187,Cill Dara Theas,2016,Mary Kennedy
Donegal,Kennedy,Niamh,F,Non-Party,NON-P.,13,0,998,1836,Excluded,166,9,Dún na nGall,2016,Niamh Kennedy
Mayo,Kenny,Enda,M,Fine Gael,F.G.,10,0,0,13318,Elected,168,32,Maigh Eo,2016,Enda Kenny
Dublin Mid-West,Kenny,Gino,M,Anti-Austerity Alliance - People Before Profit,AAA-PBP,12,710,0,4629,Elected,194,643,Baile Átha Cliath Thiar-Meán,2016,Gino Kenny
Sligo-Leitrim,Kenny,Martin,M,Sinn Féin,S.F.,15,0,0,6356,Elected,166,35,Sligeach-Liatroim,2016,Martin Kenny
Meath East,Keogan,Sharon,F,Non-Party,NON-P.,9,0,783,1528,Excluded,183,34,An Mhí Thoir,2016,Sharon Keogan
Limerick County,Keogh,Mark,M,Direct Democracy Ireland,D.D.I.,6,0,2546,222,Excluded,163,29,Contae Luimnigh,2016,Mark Keogh
Cork North-Central,Keohane,Ger,M,Non-Party,NON-P.,11,0,1259,912,Excluded,163,5,Corcaigh Thuaidh-Lár,2016,Ger Keohane
Roscommon-Galway,Kerrane,Claire,F,Sinn Féin,S.F.,8,0,0,3075,Excluded,169,996,Ros Comáin-Gaillimh,2016,Claire Kerrane
Dublin Mid-West,Khan,Dr. Haroon,M,Non-Party,NON-P.,12,0,1881,268,Excluded,195,643,Baile Átha Cliath Thiar-Meán,2016,Dr. Haroon Khan
Cork North-Central,Kiely,Thomas,M,Non-Party,NON-P.,11,0,2011,473,Excluded,164,5,Corcaigh Thuaidh-Lár,2016,Thomas Kiely
Dublin Mid-West,Kivlehan,Tom,M,Green Party/ Comhaontas Glas,G.P.,12,0,1713,388,Excluded,196,643,Baile Átha Cliath Thiar-Meán,2016,Tom Kivlehan
Galway West,Kyne,Seán,M,Fine Gael,F.G.,14,122,0,6136,Elected,172,23,Gaillimh Thiar,2016,Seán Kyne
Dublin South-West,Lahart,John,M,Fianna Fáil,F.F.,16,0,0,9647,Elected,212,19,Baile Átha Cliath Thiar Theas,2016,John Lahart
Meath West,Lawes,Alan,M,Direct Democracy Ireland,D.D.I.,6,0,974,1279,Excluded,182,39,An Mhí Thiar,2016,Alan Lawes
Kildare North,Lawless,James,M,Fianna Fáil,F.F.,9,344,0,7461,Elected,165,26,Cill Dara Thuaidh,2016,James Lawless
Kildare North,Lawlor,Anthony,M,Fine Gael,F.G.,9,2386,0,5406,Excluded,166,26,Cill Dara Thuaidh,2016,Anthony Lawlor
Offaly,Leahy,John,M,Renua Ireland,R.I.,7,0,0,4596,Excluded,168,37,Uíbh Fhailí,2016,John Leahy
Dublin Mid-West,Leonard,Clare,F,Non-Party,NON-P.,12,0,1734,358,Excluded,197,643,Baile Átha Cliath Thiar-Meán,2016,Clare Leonard
Cork  East,Leonardi-Roche,Ciara,F,Anti-Austerity Alliance - People Before Profit,AAA-PBP,10,0,0,1999,Excluded,171,4,Corcaigh Thoir,2016,Ciara Leonardi-Roche
Cork  East,Linehan-Foley,Mary,F,Non-Party,NON-P.,10,0,0,3145,Excluded,173,4,Corcaigh Thoir,2016,Mary Linehan-Foley
Wexford,Lloyd,David,M,Direct Democracy Ireland,D.D.I.,14,0,2859,128,Excluded,171,40,Loch Garman,2016,David Lloyd
Tipperary,Lowry,Michael,M,Non-Party,NON-P.,7,0,0,13064,Elected,168,36,Tiobraid Árann,2016,Michael Lowry
Cork South-Central,Lynch,Ciarán,M,The Labour Party,LAB.,11,0,100,2417,Excluded,250,7,Corcaigh Theas-Lár,2016,Ciarán Lynch
Dublin Bay South,Lynch,Glenna,F,Social Democrats,S.D.,8,0,0,2652,Excluded,180,17,Cuan Bhaile Átha Cliath Theas,2016,Glenna Lynch
Clare,Lynch,Ian,M,Non-Party,NON-P.,12,0,1276,1494,Excluded,167,3,An Clár,2016,Ian Lynch
Cork North-Central,Lynch,Kathleen,F,The Labour Party,LAB.,11,2744,0,3723,Excluded,165,5,Corcaigh Thuaidh-Lár,2016,Kathleen Lynch
Dublin Bay North,Lyons,John,M,Anti-Austerity Alliance - People Before Profit,AAA-PBP,15,0,0,4409,Excluded,168,13,Cuan Bhaile Átha Cliath Thuaidh,2016,John Lyons
Dublin North-West,Lyons,John,M,The Labour Party,LAB.,9,0,0,2750,Excluded,166,15,Baile Átha Cliath Thiar Thuaidh,2016,John Lyons
Carlow-Kilkenny,Mac Liam,Conor,M,Anti-Austerity Alliance - People Before Profit,AAA-PBP,11,0,1687,1120,Excluded,165,1,Ceatharlach-Cill Chainnigh,2016,Conor Mac Liam
Sligo-Leitrim,Mac Manus,Chris,M,Sinn Féin,S.F.,15,0,0,4747,Excluded,167,35,Sligeach-Liatroim,2016,Chris Mac Manus
Dublin Bay North,Macdonncha,Mícheál,M,Sinn Féin,S.F.,15,0,0,3527,Excluded,169,13,Cuan Bhaile Átha Cliath Thuaidh,2016,Mícheál Macdonncha
Donegal,MacLochlainn,Pádraig,M,Sinn Féin,S.F.,13,2320,0,5742,Excluded,167,9,Dún na nGall,2016,Pádraig MacLochlainn
Sligo-Leitrim,MacSharry,Marc,M,Fianna Fáil,F.F.,15,0,0,8856,Elected,168,35,Sligeach-Liatroim,2016,Marc MacSharry
Dublin Bay South,Macstiofain,Alan,M,Non-Party,NON-P.,8,0,1751,235,Excluded,181,17,Cuan Bhaile Átha Cliath Theas,2016,Alan Macstiofain
Dublin Rathdown,Madigan,Josepha,F,Fine Gael,F.G.,6,787,0,6668,Elected,224,18,Baile Átha Cliath-Ráth an Dúin,2016,Josepha Madigan
Longford-Westmeath,Magan,Manchán,M,Green Party/ Comhaontas Glas,G.P.,15,0,1370,1102,Excluded,234,30,An Longfort-An Iarmhí,2016,Manchán Magan
Meath West,Malone,John,M,Non-Party,NON-P.,6,0,1928,439,Excluded,183,39,An Mhí Thiar,2016,John Malone
Wexford,Maloney,David,M,Non-Party,NON-P.,14,0,2511,476,Excluded,172,40,Loch Garman,2016,David Maloney
Dublin South-West,Maloney,Eamonn,M,Non-Party,NON-P.,16,0,1056,1627,Excluded,213,19,Baile Átha Cliath Thiar Theas,2016,Eamonn Maloney
Cork North-West,Manning,Cormac,M,Green Party/ Comhaontas Glas,G.P.,9,0,1435,1354,Excluded,187,6,Corcaigh Thiar Thuaidh,2016,Cormac Manning
Carlow-Kilkenny,Manning,Paddy,M,Non-Party,NON-P.,11,0,1776,1078,Excluded,166,1,Ceatharlach-Cill Chainnigh,2016,Paddy Manning
Mayo,Manning,Stephen,M,Non-Party,NON-P.,10,0,3009,157,Excluded,169,32,Maigh Eo,2016,Stephen Manning
Dublin Fingal,Martin,Barry,M,Independents 4 Change,I.4.C,10,0,0,2412,Excluded,166,14,Baile Átha Cliath - Fine Gall,2016,Barry Martin
Dublin Rathdown,Martin,Catherine,F,Green Party/ Comhaontas Glas,G.P.,6,854,0,4122,Elected,225,18,Baile Átha Cliath-Ráth an Dúin,2016,Catherine Martin
Cork South-Central,Martin,Micheál,M,Fianna Fáil,F.F.,11,0,0,11346,Elected,251,7,Corcaigh Theas-Lár,2016,Micheál Martin
Dublin Rathdown,Mathews,Peter,M,Non-Party,NON-P.,6,0,328,2021,Excluded,226,18,Baile Átha Cliath-Ráth an Dúin,2016,Peter Mathews
Wicklow,Matthews,Steven,M,Green Party/ Comhaontas Glas,G.P.,10,0,1123,1350,Excluded,174,41,Cill Mhantáin,2016,Steven Matthews
Dublin North-West,Mcauliffe,Paul,M,Fianna Fáil,F.F.,9,2346,0,4750,Excluded,167,15,Baile Átha Cliath Thiar Thuaidh,2016,Paul Mcauliffe
Donegal,McBrearty,Frank,M,Non-Party,NON-P.,13,0,1074,1914,Excluded,168,9,Dún na nGall,2016,Frank McBrearty
Cork  East,McCarthy,Kieran,M,Non-Party,NON-P.,10,0,828,1635,Excluded,170,4,Corcaigh Thoir,2016,Kieran McCarthy
Cork South-West,McCarthy,Michael,M,The Labour Party,LAB.,5,0,0,3035,Excluded,191,8,Corcaigh Thiar Theas,2016,Michael McCarthy
Cork  East,McCarthy,Noel,M,Fine Gael,F.G.,10,0,0,4406,Excluded,167,4,Corcaigh Thoir,2016,Noel McCarthy
Cork South-West,McCarthy,Rachel,F,Sinn Féin,S.F.,5,0,0,3656,Excluded,194,8,Corcaigh Thiar Theas,2016,Rachel McCarthy
Donegal,McConalogue,Charlie,M,Fianna Fáil,F.F.,13,0,0,12533,Elected,169,9,Dún na nGall,2016,Charlie McConalogue
Cavan-Monaghan,McDermott,Michael,M,Direct Democracy Ireland,D.D.I.,10,0,2504,475,Excluded,164,2,An Cabhán-Muineachán,2016,Michael McDermott
Clare,McDonagh,Michael Malty,M,Fianna Fáil,F.F.,12,3639,0,4726,Excluded,168,3,An Clár,2016,Michael Malty McDonagh
Meath East,McDonagh,Seamus,M,Workers Party,W.P.,9,0,2253,326,Excluded,184,34,An Mhí Thoir,2016,Seamus McDonagh
Dublin Central,McDonald,Mary Lou,F,Sinn Féin,S.F.,11,0,0,5770,Elected,168,11,Baile Átha Cliath Láir,2016,Mary Lou McDonald
Meath West,McElhinney,Tracy,F,The Labour Party,LAB.,6,0,1173,1166,Excluded,184,39,An Mhí Thiar,2016,Tracy McElhinney
Kildare South,McEneaney,Suzanne,F,Green Party/ Comhaontas Glas,G.P.,6,0,1464,836,Excluded,177,187,Cill Dara Theas,2016,Suzanne McEneaney
Meath East,McEntee,Helen,F,Fine Gael,F.G.,9,390,0,7556,Elected,185,34,An Mhí Thoir,2016,Helen McEntee
Longford-Westmeath,McFadden,Gabrielle,F,Fine Gael,F.G.,15,0,0,2836,Excluded,235,30,An Longfort-An Iarmhí,2016,Gabrielle McFadden
Donegal,McGarvey,Ian,M,Non-Party,NON-P.,13,0,2066,982,Excluded,170,9,Dún na nGall,2016,Ian McGarvey
Dublin Bay North,McGrath,Finian,M,Non-Party,NON-P.,15,1080,0,5878,Elected,170,13,Cuan Bhaile Átha Cliath Thuaidh,2016,Finian McGrath
Tipperary,McGrath,Mattie,M,Non-Party,NON-P.,7,0,0,11237,Elected,169,36,Tiobraid Árann,2016,Mattie McGrath
Cork South-Central,McGrath,Michael,M,Fianna Fáil,F.F.,11,0,0,11795,Elected,252,7,Corcaigh Theas-Lár,2016,Michael McGrath
Dublin West,McGuinness,David,M,Non-Party,NON-P.,5,0,0,2991,Excluded,182,20,Baile Átha Thiar,2016,David McGuinness
Carlow-Kilkenny,McGuinness,John,M,Fianna Fáil,F.F.,11,0,0,10528,Elected,167,1,Ceatharlach-Cill Chainnigh,2016,John McGuinness
Donegal,McHugh,Joe,M,Fine Gael,F.G.,13,0,0,8412,Elected,171,9,Dún na nGall,2016,Joe McHugh
Dublin Central,McKay,Cormac,M,Direct Democracy Ireland,D.D.I.,11,0,1419,62,Excluded,169,11,Baile Átha Cliath Láir,2016,Cormac McKay
Dublin North-West,McKay,Cormac,M,Direct Democracy Ireland,D.D.I.,9,0,2126,158,Excluded,168,15,Baile Átha Cliath Thiar Thuaidh,2016,Cormac McKay
Carlow-Kilkenny,McKee,Patrick,M,Renua Ireland,R.I.,11,0,0,2483,Excluded,168,1,Ceatharlach-Cill Chainnigh,2016,Patrick McKee
Longford-Westmeath,McKervey,Noel,M,Catholic Democrats,C.D.,15,0,2077,654,Excluded,236,30,An Longfort-An Iarmhí,2016,Noel McKervey
Sligo-Leitrim,McLoughlin,Tony,M,Fine Gael,F.G.,15,1537,0,6172,Elected,169,35,Sligeach-Liatroim,2016,Tony McLoughlin
Kildare South,McLoughlin Healy,Fiona,F,Fine Gael,F.G.,6,0,0,3250,Excluded,178,187,Cill Dara Theas,2016,Fiona McLoughlin Healy
Dublin South-West,McMahon,Ronan,M,Renua Ireland,R.I.,16,0,0,2906,Excluded,214,19,Baile Átha Cliath Thiar Theas,2016,Ronan McMahon
Meath West,McMenamin,Séamus,M,Green Party/ Comhaontas Glas,G.P.,6,0,236,1421,Excluded,185,39,An Mhí Thiar,2016,Séamus McMenamin
Dublin Mid-West,McNally,Anne-Marie,F,Social Democrats,S.D.,12,3301,0,2633,,198,643,Baile Átha Cliath Thiar-Meán,2016,Anne-Marie McNally
Clare,McNamara,Michael,M,The Labour Party,LAB.,12,0,0,4472,Excluded,169,3,An Clár,2016,Michael McNamara
Cavan-Monaghan,Mee,James,M,Non-Party,NON-P.,10,0,2893,88,Excluded,165,2,An Cabhán-Muineachán,2016,James Mee
Galway East,Melia,Aengus,M,Direct Democracy Ireland,D.D.I.,7,0,2339,489,Excluded,166,22,Gaillimh Thoir,2016,Aengus Melia
Kildare North,Merriman,Ashling,F,Anti-Austerity Alliance - People Before Profit,AAA-PBP,9,0,1505,781,Excluded,167,26,Cill Dara Thuaidh,2016,Ashling Merriman
Longford-Westmeath,Miller,James,M,Non-Party,NON-P.,15,0,2533,208,Excluded,237,30,An Longfort-An Iarmhí,2016,James Miller
Dublin Bay North,Mitchell,Denise,F,Sinn Féin,S.F.,15,923,0,5039,Elected,171,13,Cuan Bhaile Átha Cliath Thuaidh,2016,Denise Mitchell
Dún Laoghaire,Mitchell O'Connor,Mary,F,Fine Gael,F.G.,7,0,0,10817,Elected,238,21,Dún Laoghaire,2016,Mary Mitchell O'Connor
Cork South-Central,Mohally,Michael Joseph,M,Non-Party,NON-P.,11,0,2609,170,Excluded,253,7,Corcaigh Theas-Lár,2016,Michael Joseph Mohally
Dublin Fingal,Molloy,Dr. Gerry,M,Renua Ireland,R.I.,10,0,162,2091,Excluded,167,14,Baile Átha Cliath - Fine Gall,2016,Dr. Gerry Molloy
Dublin Bay South,Mooney,Annette,F,Anti-Austerity Alliance - People Before Profit,AAA-PBP,8,0,0,1728,Excluded,182,17,Cuan Bhaile Átha Cliath Theas,2016,Annette Mooney
Donegal,Mooney,Michael,M,Non-Party,NON-P.,13,0,2648,397,Excluded,172,9,Dún na nGall,2016,Michael Mooney
Laois,Moore,Sinead,F,Green Party/ Comhaontas Glas,G.P.,3,0,269,1541,Excluded,163,27,Laois,2016,Sinead Moore
Longford-Westmeath,Moran,Kevin 'Boxer',M,Non-Party,NON-P.,15,0,0,7586,Elected,238,30,An Longfort-An Iarmhí,2016,Kevin 'Boxer' Moran
Louth,Moran,Mary,F,The Labour Party,LAB.,11,0,1603,1198,Excluded,169,31,Lú,2016,Mary Moran
Clare,Moran,Noeleen,F,Sinn Féin,S.F.,12,0,0,4216,Excluded,170,3,An Clár,2016,Noeleen Moran
Cork North-Central,Moran,Oliver,M,Green Party/ Comhaontas Glas,G.P.,11,0,69,1693,Excluded,166,5,Corcaigh Thuaidh-Lár,2016,Oliver Moran
Mayo,Moran,Tom,M,Anti-Austerity Alliance - People Before Profit,AAA-PBP,10,0,2519,576,Excluded,170,32,Maigh Eo,2016,Tom Moran
Longford-Westmeath,Morgan,James,M,Non-Party,NON-P.,15,0,0,3329,Excluded,239,30,An Longfort-An Iarmhí,2016,James Morgan
Kerry,Moriarty,Norma,F,Fianna Fáil,F.F.,11,0,0,4348,Excluded,172,24,Ciarraí,2016,Norma Moriarty
Tipperary,Morris,Séamus Séan,M,Sinn Féin,S.F.,7,0,0,5724,Excluded,170,36,Tiobraid Árann,2016,Séamus Séan Morris
Cork North-West,Moynihan,Aindrias,M,Fianna Fáil,F.F.,9,0,0,8924,Elected,181,6,Corcaigh Thiar Thuaidh,2016,Aindrias Moynihan
Cork North-West,Moynihan,Michael,M,Fianna Fáil,F.F.,9,1811,0,7332,Elected,180,6,Corcaigh Thiar Thuaidh,2016,Michael Moynihan
Mayo,Mulherin,Michelle,F,Fine Gael,F.G.,10,3137,0,7841,,171,32,Maigh Eo,2016,Michelle Mulherin
Clare,Mulqueen,Dermot,M,Non-Party,NON-P.,12,0,2812,39,Excluded,171,3,An Clár,2016,Dermot Mulqueen
Louth,Munster,Imelda,F,Sinn Féin,S.F.,11,0,0,8829,Elected,170,31,Lú,2016,Imelda Munster
Carlow-Kilkenny,Murnane-O'Connor,Jennifer,F,Fianna Fáil,F.F.,11,2151,0,8373,,169,1,Ceatharlach-Cill Chainnigh,2016,Jennifer Murnane-O'Connor
Kildare North,Murphy,Catherine,F,Social Democrats,S.D.,9,0,0,11108,Elected,168,26,Cill Dara Thuaidh,2016,Catherine Murphy
Cork North-Central,Murphy,Dara,M,Fine Gael,F.G.,11,979,0,5264,Elected,167,5,Corcaigh Thuaidh-Lár,2016,Dara Murphy
Dublin Bay South,Murphy,Eoghan,M,Fine Gael,F.G.,8,0,0,6567,Elected,183,17,Cuan Bhaile Átha Cliath Theas,2016,Eoghan Murphy
Roscommon-Galway,Murphy,Eugene,M,Fianna Fáil,F.F.,8,1317,0,6813,Elected,170,996,Ros Comáin-Gaillimh,2016,Eugene Murphy
Kerry,Murphy,Kevin,M,Non-Party,NON-P.,11,0,2799,464,Excluded,173,24,Ciarraí,2016,Kevin Murphy
Tipperary,Murphy,Marie,F,Fine Gael,F.G.,7,0,1707,1542,Excluded,171,36,Tiobraid Árann,2016,Marie Murphy
Cork North-Central,Murphy,Mick,M,Non-Party,NON-P.,11,0,2294,215,Excluded,168,5,Corcaigh Thuaidh-Lár,2016,Mick Murphy
Dublin South-West,Murphy,Paul,M,Anti-Austerity Alliance - People Before Profit,AAA-PBP,16,0,0,9005,Elected,215,19,Baile Átha Cliath Thiar Theas,2016,Paul Murphy
Dublin Fingal,Murphy,Tony,M,Non-Party,NON-P.,10,0,0,2503,Excluded,168,14,Baile Átha Cliath - Fine Gall,2016,Tony Murphy
Cork South-West,Murphy O'Mahony,Margaret,F,Fianna Fáil,F.F.,5,0,0,8482,Elected,192,8,Corcaigh Thiar Theas,2016,Margaret Murphy O'Mahony
Sligo-Leitrim,Murray,Eamon,M,Non-Party,NON-P.,15,0,2762,356,Excluded,170,35,Sligeach-Liatroim,2016,Eamon Murray
Dublin South-Central,Murray,Richard,M,Non-Party,NON-P.,11,0,1850,294,Excluded,169,16,Baile Átha Cliath Theas-Lár,2016,Richard Murray
Wexford,Mythen,John,M,Sinn Féin,S.F.,14,2292,0,7260,Excluded,173,40,Loch Garman,2016,John Mythen
Louth,Nash,Ged,M,The Labour Party,LAB.,11,2509,0,4945,,171,31,Lú,2016,Ged Nash
Roscommon-Galway,Naughten,Denis,M,Non-Party,NON-P.,8,0,0,13936,Elected,171,996,Ros Comáin-Gaillimh,2016,Denis Naughten
Galway West,Naughton,Hildegarde,F,Fine Gael,F.G.,14,1583,0,4567,Elected,173,23,Gaillimh Thiar,2016,Hildegarde Naughton
Limerick County,Neville,Tom,M,Fine Gael,F.G.,6,735,0,8013,Elected,164,29,Contae Luimnigh,2016,Tom Neville
Galway East,Ní Chróinín,Máiréad,F,Green Party/ Comhaontas Glas,G.P.,7,0,2059,769,Excluded,167,22,Gaillimh Thoir,2016,Máiréad Ní Chróinín
Kildare North,Ní Fhallúin,Maebh,F,Green Party/ Comhaontas Glas,G.P.,9,0,29,1485,Excluded,169,26,Cill Dara Thuaidh,2016,Maebh Ní Fhallúin
Dublin Rathdown,Nic Cormaic,Sorcha,F,Sinn Féin,S.F.,6,0,0,2858,Excluded,227,18,Baile Átha Cliath-Ráth an Dúin,2016,Sorcha Nic Cormaic
Donegal,NicFhearraigh,Cordelia,F,Fís Nua,F.N.,13,0,2985,70,Excluded,173,9,Dún na nGall,2016,Cordelia NicFhearraigh
Offaly,Nolan,Carol,F,Sinn Féin,S.F.,7,2119,0,4804,Elected,169,37,Uíbh Fhailí,2016,Carol Nolan
Galway West,Nolan,Derek,M,The Labour Party,LAB.,14,0,0,3220,Excluded,174,23,Gaillimh Thiar,2016,Derek Nolan
Carlow-Kilkenny,Noonan,Malcolm,M,Green Party/ Comhaontas Glas,G.P.,11,0,0,2621,Excluded,170,1,Ceatharlach-Cill Chainnigh,2016,Malcolm Noonan
Limerick City,Noonan,Michael,M,Fine Gael,F.G.,6,42,0,7294,Elected,164,28,Cathair Luimnigh,2016,Michael Noonan
Dublin West,Noone,Catherine,F,Fine Gael,F.G.,5,0,973,1074,Excluded,183,20,Baile Átha Thiar,2016,Catherine Noone
Clare,Norton,Ann,F,Non-Party,NON-P.,12,0,0,2240,Excluded,172,3,An Clár,2016,Ann Norton
Dublin Mid-West,Ó Broin,Eoin,M,Sinn Féin,S.F.,12,0,0,9782,Elected,199,643,Baile Átha Cliath Thiar-Meán,2016,Eoin Ó Broin
Meath East,Ó Buachalla,Seán,M,Green Party/ Comhaontas Glas,G.P.,9,0,1735,766,Excluded,188,34,An Mhí Thoir,2016,Seán Ó Buachalla
Cork South-Central,Ó Cadhla,Diarmaid,M,Non-Party,NON-P.,11,0,1597,869,Excluded,254,7,Corcaigh Theas-Lár,2016,Diarmaid Ó Cadhla
Cavan-Monaghan,Ó Caoláin,Caoimhghín,M,Sinn Féin,S.F.,10,0,0,10060,Elected,166,2,An Cabhán-Muineachán,2016,Caoimhghín Ó Caoláin
Kildare South,Ó Fearghaíl,Seán,M,Fianna Fáil,F.F.,6,977,0,6469,Elected,179,187,Cill Dara Theas,2016,Seán Ó Fearghaíl
Dublin South-Central,Ó Halmhain,Oisín,M,Green Party/ Comhaontas Glas,G.P.,11,0,630,1410,Excluded,170,16,Baile Átha Cliath Theas-Lár,2016,Oisín Ó Halmhain
Cork South-Central,Ó Laoghaire,Donnchadh Uinseann,M,Sinn Féin,S.F.,11,484,0,6986,Elected,256,7,Corcaigh Theas-Lár,2016,Donnchadh Uinseann Ó Laoghaire
Galway West,O Mahony,John,M,Fine Gael,F.G.,14,0,0,4734,Excluded,175,23,Gaillimh Thiar,2016,John O Mahony
Dublin Bay North,Ó Muirí,Naoise,M,Fine Gael,F.G.,15,0,0,2868,Excluded,175,13,Cuan Bhaile Átha Cliath Thuaidh,2016,Naoise Ó Muirí
Dublin Bay North,Ó Ríordáin,Aodhán,M,The Labour Party,LAB.,15,1942,0,5675,,177,13,Cuan Bhaile Átha Cliath Thuaidh,2016,Aodhán Ó Ríordáin
Dublin South-Central,Ó Snodaigh,Aengus,M,Sinn Féin,S.F.,11,0,0,6639,Elected,171,16,Baile Átha Cliath Theas-Lár,2016,Aengus Ó Snodaigh
Galway West,Ó Tuathail,Niall,M,Social Democrats,S.D.,14,0,0,3455,Excluded,177,23,Gaillimh Thiar,2016,Niall Ó Tuathail
Cork North-West,O’ Donnell,Michael,M,Communist Party of Ireland,C.P.I.,9,0,2751,185,Excluded,198,6,Corcaigh Thiar Thuaidh,2016,Michael O’ Donnell
Cork South-West,O’ Mahony,Johnny,M,Green Party/ Comhaontas Glas,G.P.,5,0,1952,752,Excluded,201,8,Corcaigh Thiar Theas,2016,Johnny O’ Mahony
Mayo,O'Boyle,Gerry,M,Non-Party,NON-P.,10,0,3053,126,Excluded,172,32,Maigh Eo,2016,Gerry O'Boyle
Dublin Fingal,O'Brien,Darragh,M,Fianna Fáil,F.F.,10,0,0,10826,Elected,170,14,Baile Átha Cliath - Fine Gall,2016,Darragh O'Brien
Limerick County,O'Brien,Emmett,M,Non-Party,NON-P.,6,1623,0,5432,Excluded,165,29,Contae Luimnigh,2016,Emmett O'Brien
Dublin West,O'Brien,Jo,F,Renua Ireland,R.I.,5,0,1421,677,Excluded,184,20,Baile Átha Thiar,2016,Jo O'Brien
Dublin Fingal,O'Brien,Joe,M,Green Party/ Comhaontas Glas,G.P.,10,0,0,2783,Excluded,171,14,Baile Átha Cliath - Fine Gall,2016,Joe O'Brien
Cork North-Central,O'Brien,Jonathan,M,Sinn Féin,S.F.,11,0,0,6231,Elected,169,5,Corcaigh Thuaidh-Lár,2016,Jonathan O'Brien
Dublin Bay North,O'Brien,Michael,M,Anti-Austerity Alliance - People Before Profit,AAA-PBP,15,0,506,2236,Excluded,172,13,Cuan Bhaile Átha Cliath Thuaidh,2016,Michael O'Brien
Clare,O'Brien,Niamh,F,Fís Nua,F.N.,12,0,1635,1154,Excluded,173,3,An Clár,2016,Niamh O'Brien
Dún Laoghaire,O'Brien,Shane,M,Sinn Féin,S.F.,7,0,494,3167,Excluded,239,21,Dún Laoghaire,2016,Shane O'Brien
Dublin Bay North,O'Callaghan,Cian,M,Social Democrats,S.D.,15,0,0,3864,Excluded,173,13,Cuan Bhaile Átha Cliath Thuaidh,2016,Cian O'Callaghan
Dublin Bay South,O'Callaghan,Jim,M,Fianna Fáil,F.F.,8,1020,0,4575,Elected,184,17,Cuan Bhaile Átha Cliath Theas,2016,Jim O'Callaghan
Dublin Bay North,O'Conaráin,Proinsias,M,Non-Party,NON-P.,15,0,2964,104,Excluded,174,13,Cuan Bhaile Átha Cliath Thuaidh,2016,Proinsias O'Conaráin
Cavan-Monaghan,O'Connell,Aoife,F,Direct Democracy Ireland,D.D.I.,10,0,2691,279,Excluded,167,2,An Cabhán-Muineachán,2016,Aoife O'Connell
Dublin Fingal,O'Connell,Fergal,M,Non-Party,NON-P.,10,0,2465,51,Excluded,172,14,Baile Átha Cliath - Fine Gall,2016,Fergal O'Connell
Cork South-Central,O'Connell,Jim,M,Anti-Austerity Alliance - People Before Profit,AAA-PBP,11,0,1905,795,Excluded,255,7,Corcaigh Theas-Lár,2016,Jim O'Connell
Dublin Bay South,O'Connell,Kate,F,Fine Gael,F.G.,8,1394,0,5399,Elected,188,17,Cuan Bhaile Átha Cliath Theas,2016,Kate O'Connell
Limerick City,O'Dea,Willie,M,Fianna Fáil,F.F.,6,0,0,12999,Elected,166,28,Cathair Luimnigh,2016,Willie O'Dea
Kerry,O'Donnell,Grace,F,Fine Gael,F.G.,11,0,2450,776,Excluded,174,24,Ciarraí,2016,Grace O'Donnell
Limerick City,O'Donnell,Kieran,M,Fine Gael,F.G.,6,1504,0,6047,Excluded,167,28,Cathair Luimnigh,2016,Kieran O'Donnell
Limerick County,O'Donoghue,Richard,M,Non-Party,NON-P.,6,0,0,2855,Excluded,166,29,Contae Luimnigh,2016,Richard O'Donoghue
Dublin South-West,O'Donovan,Deirdre,F,Non-Party,NON-P.,16,0,233,2197,Excluded,216,19,Baile Átha Cliath Thiar Theas,2016,Deirdre O'Donovan
Limerick County,O'Donovan,Patrick,M,Fine Gael,F.G.,6,813,0,8479,Elected,167,29,Contae Luimnigh,2016,Patrick O'Donovan
Louth,O'Dowd,Fergus,M,Fine Gael,F.G.,11,1999,0,6814,Elected,172,31,Lú,2016,Fergus O'Dowd
Louth,O'Dowd,Michael,M,Renua Ireland,R.I.,11,0,572,2095,Excluded,173,31,Lú,2016,Michael O'Dowd
Dublin Central,O'Dwyer,Diana,F,Anti-Austerity Alliance - People Before Profit,AAA-PBP,11,0,572,721,Excluded,170,11,Baile Átha Cliath Láir,2016,Diana O'Dwyer
Cork North-West,O'Flynn,Diarmuid,M,Non-Party,NON-P.,9,0,6,2159,Excluded,184,6,Corcaigh Thiar Thuaidh,2016,Diarmuid O'Flynn
Dublin South-West,O'Gorman,Frank,M,Non-Party,NON-P.,16,0,2745,59,Excluded,217,19,Baile Átha Cliath Thiar Theas,2016,Frank O'Gorman
Limerick County,O'Gorman,John,M,Non-Party,NON-P.,6,0,2558,207,Excluded,168,29,Contae Luimnigh,2016,John O'Gorman
Kerry,O'Gorman,Michael Pixie,M,Non-Party,NON-P.,11,0,1630,1236,Excluded,175,24,Ciarraí,2016,Michael Pixie O'Gorman
Dublin West,O'Gorman,Roderic,M,Green Party/ Comhaontas Glas,G.P.,5,0,0,1730,Excluded,185,20,Baile Átha Thiar,2016,Roderic O'Gorman
Sligo-Leitrim,O'Hara,Bernie,F,Non-Party,NON-P.,15,0,1648,1206,Excluded,171,35,Sligeach-Liatroim,2016,Bernie O'Hara
Sligo-Leitrim,O'Hora,Leslie V. John,M,Green Party/ Comhaontas Glas,G.P.,15,0,2499,603,Excluded,172,35,Sligeach-Liatroim,2016,Leslie V. John O'Hora
Cork  East,O'Keeffe,Kevin,M,Fianna Fáil,F.F.,10,0,0,8264,Elected,168,4,Corcaigh Thoir,2016,Kevin O'Keeffe
Sligo-Leitrim,O'Keeffe,Susan,F,The Labour Party,LAB.,15,0,926,1829,Excluded,173,35,Sligeach-Liatroim,2016,Susan O'Keeffe
Cork North-Central,O'Leary,Julie,F,Fine Gael,F.G.,11,0,0,3841,Excluded,170,5,Corcaigh Thuaidh-Lár,2016,Julie O'Leary
Cork North-Central,O'Leary,Paddy,M,Renua Ireland,R.I.,11,0,843,1120,Excluded,171,5,Corcaigh Thuaidh-Lár,2016,Paddy O'Leary
Kildare South,O'Loughlin,Fiona,F,Fianna Fáil,F.F.,6,223,0,6906,Elected,180,187,Cill Dara Theas,2016,Fiona O'Loughlin
Cork North-Central,O'Loughlin,Peter,M,Non-Party,NON-P.,11,0,2341,183,Excluded,172,5,Corcaigh Thuaidh-Lár,2016,Peter O'Loughlin
Mayo,O'Malley,George,M,Non-Party,NON-P.,10,0,2882,262,Excluded,173,32,Maigh Eo,2016,George O'Malley
Meath East,O'Neill,Aisling,F,Social Democrats,S.D.,9,0,125,1715,Excluded,186,34,An Mhí Thoir,2016,Aisling O'Neill
Dublin Bay North,O'Neill,Damien,M,Non-Party,NON-P.,15,0,1551,1446,Excluded,176,13,Cuan Bhaile Átha Cliath Thuaidh,2016,Damien O'Neill
Galway West,O'Neill,Ruairí,M,Direct Democracy Ireland,D.D.I.,14,0,2527,152,Excluded,176,23,Gaillimh Thiar,2016,Ruairí O'Neill
Cavan-Monaghan,O'Reilly,Joe,M,Fine Gael,F.G.,10,3141,0,6566,,168,2,An Cabhán-Muineachán,2016,Joe O'Reilly
Dublin Fingal,O'Reilly,Louise,F,Sinn Féin,S.F.,10,1294,0,5228,Elected,173,14,Baile Átha Cliath - Fine Gall,2016,Louise O'Reilly
Cork North-West,O'Riordan,Steven,M,Non-Party,NON-P.,9,0,1208,1361,Excluded,185,6,Corcaigh Thiar Thuaidh,2016,Steven O'Riordan
Meath East,O'Rourke,Darren,M,Sinn Féin,S.F.,9,1792,0,5780,Excluded,187,34,An Mhí Thoir,2016,Darren O'Rourke
Kildare North,O'Rourke,Frank,M,Fianna Fáil,F.F.,9,1309,0,6341,Elected,170,26,Cill Dara Thuaidh,2016,Frank O'Rourke
Sligo-Leitrim,O'Rourke,Paddy,M,Fianna Fáil,F.F.,15,0,0,5447,Excluded,174,35,Sligeach-Liatroim,2016,Paddy O'Rourke
Cork North-West,O'Shea,John Paul,M,Non-Party,NON-P.,9,2060,0,4814,,183,6,Corcaigh Thiar Thuaidh,2016,John Paul O'Shea
Kildare North,O'Sullivan,Elizabeth,F,Non-Party,NON-P.,9,0,2329,99,Excluded,171,26,Cill Dara Thuaidh,2016,Elizabeth O'Sullivan
Waterford,O'Sullivan,Grace,F,Green Party/ Comhaontas Glas,G.P.,9,0,0,2237,Excluded,168,38,Port  Lairge,2016,Grace O'Sullivan
Limerick City,O'Sullivan,Jan,F,The Labour Party,LAB.,6,1166,0,5227,Elected,168,28,Cathair Luimnigh,2016,Jan O'Sullivan
Cork North-West,O'Sullivan,Jerry,M,Non-Party,NON-P.,9,0,2458,478,Excluded,206,6,Corcaigh Thiar Thuaidh,2016,Jerry O'Sullivan
Dublin Central,O'Sullivan,Maureen,F,Non-Party,NON-P.,11,653,0,1990,Elected,171,11,Baile Átha Cliath Láir,2016,Maureen O'Sullivan
Longford-Westmeath,Parker,Dominic,M,Anti-Austerity Alliance - People Before Profit,AAA-PBP,15,0,2172,506,Excluded,240,30,An Longfort-An Iarmhí,2016,Dominic Parker
Longford-Westmeath,Penrose,Willie,M,The Labour Party,LAB.,15,2545,0,4817,Elected,241,30,An Longfort-An Iarmhí,2016,Willie Penrose
Dublin Central,Perry,Cieran,M,Non-Party,NON-P.,11,0,0,1242,Excluded,172,11,Baile Átha Cliath Láir,2016,Cieran Perry
Sligo-Leitrim,Perry,John,M,Fine Gael,F.G.,15,0,0,4403,Excluded,175,35,Sligeach-Liatroim,2016,John Perry
Cork South-West,Pettit O’leary,Fiona,F,Non-Party,NON-P.,5,0,2281,423,Excluded,202,8,Corcaigh Thiar Theas,2016,Fiona Pettit O’leary
Carlow-Kilkenny,Phelan,Ann,F,The Labour Party,LAB.,11,0,0,4391,Excluded,171,1,Ceatharlach-Cill Chainnigh,2016,Ann Phelan
Carlow-Kilkenny,Phelan,John Paul,M,Fine Gael,F.G.,11,0,0,7568,Elected,172,1,Ceatharlach-Cill Chainnigh,2016,John Paul Phelan
Cork South-West,Powell,Gillian,F,Non-Party,NON-P.,5,0,2003,701,Excluded,203,8,Corcaigh Thiar Theas,2016,Gillian Powell
Dublin Bay North,Power,Averil,F,Non-Party,NON-P.,15,0,0,4911,Excluded,178,13,Cuan Bhaile Átha Cliath Thuaidh,2016,Averil Power
Waterford,Power,Mailo,F,Renua Ireland,R.I.,9,0,1499,862,Excluded,169,38,Port  Lairge,2016,Mailo Power
Limerick City,Prendiville,Cian,M,Anti-Austerity Alliance - People Before Profit,AAA-PBP,6,0,0,4584,Excluded,169,28,Cathair Luimnigh,2016,Cian Prendiville
Donegal,Pringle,Thomas,M,Non-Party,NON-P.,13,2136,0,6220,Elected,174,9,Dún na nGall,2016,Thomas Pringle
Dublin South-West,Quigley,Kieran Adam,M,Non-Party,NON-P.,16,0,2475,317,Excluded,218,19,Baile Átha Cliath Thiar Theas,2016,Kieran Adam Quigley
Waterford,Quilty,Edward,M,Direct Democracy Ireland,D.D.I.,9,0,2391,194,Excluded,170,38,Port  Lairge,2016,Edward Quilty
Limerick City,Quinlivan,Maurice,M,Sinn Féin,S.F.,6,0,0,5894,Elected,170,28,Cathair Luimnigh,2016,Maurice Quinlivan
Galway East,Rabbitte,Anne,F,Fianna Fáil,F.F.,7,0,0,6928,Elected,168,22,Gaillimh Thoir,2016,Anne Rabbitte
Dublin Bay North,Regan,Stephanie Bernadette,F,Fine Gael,F.G.,15,0,1111,1857,Excluded,179,13,Cuan Bhaile Átha Cliath Thuaidh,2016,Stephanie Bernadette Regan
Dublin Fingal,Reilly,James,M,Fine Gael,F.G.,10,3850,0,4666,Excluded,174,14,Baile Átha Cliath - Fine Gall,2016,James Reilly
Cavan-Monaghan,Reilly,Kathryn,F,Sinn Féin,S.F.,10,0,0,6066,Excluded,169,2,An Cabhán-Muineachán,2016,Kathryn Reilly
Sligo-Leitrim,Reynolds,Gerard,M,Fine Gael,F.G.,15,2051,0,6672,Excluded,176,35,Sligeach-Liatroim,2016,Gerard Reynolds
Mayo,Ring,Michael,M,Fine Gael,F.G.,10,0,0,11275,Elected,174,32,Maigh Eo,2016,Michael Ring
Limerick City,Riordan,Denis,M,Non-Party,NON-P.,6,0,2251,78,Excluded,171,28,Cathair Luimnigh,2016,Denis Riordan
Galway East,Roche,Annemarie,F,Sinn Féin,S.F.,7,0,0,2683,Excluded,169,22,Gaillimh Thoir,2016,Annemarie Roche
Dublin North-West,Rock,Noel,M,Fine Gael,F.G.,9,1690,0,4642,Elected,169,15,Baile Átha Cliath Thiar Thuaidh,2016,Noel Rock
Galway West,Roddy,Tommy,M,Non-Party,NON-P.,14,0,2428,251,Excluded,178,23,Gaillimh Thiar,2016,Tommy Roddy
Dublin Rathdown,Ross,Shane,M,Non-Party,NON-P.,6,0,0,10202,Elected,228,18,Baile Átha Cliath-Ráth an Dúin,2016,Shane Ross
Dublin Fingal,Ryan,Brendan,M,The Labour Party,LAB.,10,659,0,6009,Elected,175,14,Baile Átha Cliath - Fine Gall,2016,Brendan Ryan
Dublin Bay South,Ryan,Eamon,M,Green Party/ Comhaontas Glas,G.P.,8,0,0,4529,Elected,189,17,Cuan Bhaile Átha Cliath Theas,2016,Eamon Ryan
Dublin Central,Ryan,Éilis,F,Workers Party,W.P.,11,0,1165,303,Excluded,173,11,Baile Átha Cliath Láir,2016,Éilis Ryan
Cork South-Central,Ryan,Fiona,F,Anti-Austerity Alliance - People Before Profit,AAA-PBP,11,0,903,937,Excluded,257,7,Corcaigh Theas-Lár,2016,Fiona Ryan
Kildare South,Ryan,Patricia,F,Sinn Féin,S.F.,6,0,0,4267,Excluded,181,187,Cill Dara Theas,2016,Patricia Ryan
Offaly,Ryan-Feehan,Teresa,F,Non-Party,NON-P.,7,0,2137,603,Excluded,170,37,Uíbh Fhailí,2016,Teresa Ryan-Feehan
Sligo-Leitrim,Scanlon,Eamon,M,Fianna Fáil,F.F.,15,1646,0,5874,Elected,177,35,Sligeach-Liatroim,2016,Eamon Scanlon
Longford-Westmeath,Sexton,Mae,F,Non-Party,NON-P.,15,0,868,1646,Excluded,242,30,An Longfort-An Iarmhí,2016,Mae Sexton
Dublin Rathdown,Shatter,Alan,M,Fine Gael,F.G.,6,1831,0,5905,,229,18,Baile Átha Cliath-Ráth an Dúin,2016,Alan Shatter
Mayo,Sheehan,Margaret (Mags),F,Green Party/ Comhaontas Glas,G.P.,10,0,2503,629,Excluded,175,32,Maigh Eo,2016,Margaret (Mags) Sheehan
Donegal,Sheils,Dessie,M,Non-Party,NON-P.,13,0,0,3724,Excluded,175,9,Dún na nGall,2016,Dessie Sheils
Galway West,Sheridan,Séamus,M,Green Party/ Comhaontas Glas,G.P.,14,0,865,1588,Excluded,179,23,Gaillimh Thiar,2016,Séamus Sheridan
Cork  East,Sherlock,Sean,M,The Labour Party,LAB.,10,0,0,6949,Elected,163,4,Corcaigh Thoir,2016,Sean Sherlock
Dublin North-West,Shortall,Róisín,F,Social Democrats,S.D.,9,0,0,10540,Elected,170,15,Baile Átha Cliath Thiar Thuaidh,2016,Róisín Shortall
Dublin South-West,Sinclair,Stephen,M,Direct Democracy Ireland,D.D.I.,16,0,2419,359,Excluded,219,19,Baile Átha Cliath Thiar Theas,2016,Stephen Sinclair
Clare,Siro Hakizimana,Andres,M,Non-Party,NON-P.,12,0,2781,70,Excluded,174,3,An Clár,2016,Andres Siro Hakizimana
Cavan-Monaghan,Smith,Brendan,M,Fianna Fáil,F.F.,10,0,0,8775,Elected,170,2,An Cabhán-Muineachán,2016,Brendan Smith
Dublin South-Central,Smith,Bríd,F,Anti-Austerity Alliance - People Before Profit,AAA-PBP,11,693,0,4374,Elected,172,16,Baile Átha Cliath Theas-Lár,2016,Bríd Smith
Cavan-Monaghan,Smith,Emmett,M,Non-Party,NON-P.,10,0,2725,245,Excluded,171,2,An Cabhán-Muineachán,2016,Emmett Smith
Clare,Smith,Fergal,M,Green Party/ Comhaontas Glas,G.P.,12,0,658,1700,Excluded,175,3,An Clár,2016,Fergal Smith
Tipperary,Smith,Michael,M,Fianna Fáil,F.F.,7,0,0,6718,Excluded,172,36,Tiobraid Árann,2016,Michael Smith
Offaly,Smollen,Ken,M,Irish Democratic Party,I.D.P.,7,0,1754,971,Excluded,171,37,Uíbh Fhailí,2016,Ken Smollen
Longford-Westmeath,Smyth,Barbara,F,Non-Party,NON-P.,15,0,2451,296,Excluded,243,30,An Longfort-An Iarmhí,2016,Barbara Smyth
Dún Laoghaire,Smyth,Carrie,F,The Labour Party,LAB.,7,0,0,5192,Excluded,240,21,Dún Laoghaire,2016,Carrie Smyth
Dublin Central,Smyth,Ian Noel,M,Green Party/ Comhaontas Glas,G.P.,11,0,785,644,Excluded,174,11,Baile Átha Cliath Láir,2016,Ian Noel Smyth
Cavan-Monaghan,Smyth,Mary,F,Non-Party,NON-P.,10,0,643,1589,Excluded,172,2,An Cabhán-Muineachán,2016,Mary Smyth
Cavan-Monaghan,Smyth,Niamh,F,Fianna Fáil,F.F.,10,2287,0,6268,Elected,173,2,An Cabhán-Muineachán,2016,Niamh Smyth
Dún Laoghaire,Smyth,Ossian,M,Green Party/ Comhaontas Glas,G.P.,7,0,0,3478,Excluded,241,21,Dún Laoghaire,2016,Ossian Smyth
Kerry,Spring,Arthur J.,M,The Labour Party,LAB.,11,0,0,4813,Excluded,176,24,Ciarraí,2016,Arthur J. Spring
Kildare North,Stagg,Emmet,M,The Labour Party,LAB.,9,0,0,4087,Excluded,172,26,Cill Dara Thuaidh,2016,Emmet Stagg
Laois,Stanley,Brian,M,Sinn Féin,S.F.,3,0,0,8242,Elected,164,27,Laois,2016,Brian Stanley
Cork  East,Stanton,David,M,Fine Gael,F.G.,10,0,0,7171,Elected,166,4,Corcaigh Thoir,2016,David Stanton
Limerick County,Storey-Cosgrave,Alexander,M,Green Party/ Comhaontas Glas,G.P.,6,0,2456,311,Excluded,169,29,Contae Luimnigh,2016,Alexander Storey-Cosgrave
Dublin South-West,Summerville-Molloy,Joan,F,Non-Party,NON-P.,16,0,2692,112,Excluded,220,19,Baile Átha Cliath Thiar Theas,2016,Joan Summerville-Molloy
Sligo-Leitrim,Sweeney,Bernard,M,Non-Party,NON-P.,15,0,2989,129,Excluded,178,35,Sligeach-Liatroim,2016,Bernard Sweeney
Dublin Bay South,Tierney,Eoin,M,Non-Party,NON-P.,8,0,1835,151,Excluded,190,17,Cuan Bhaile Átha Cliath Theas,2016,Eoin Tierney
Wicklow,Timmins,Billy,M,Renua Ireland,R.I.,10,3109,0,5510,,175,41,Cill Mhantáin,2016,Billy Timmins
Dublin Mid-West,Timmons,Francis,M,Non-Party,NON-P.,12,0,734,1085,Excluded,200,643,Baile Átha Cliath Thiar-Meán,2016,Francis Timmons
Meath West,Tóibín,Peadar,M,Sinn Féin,S.F.,6,0,0,9442,Elected,186,39,An Mhí Thiar,2016,Peadar Tóibín
Longford-Westmeath,Troy,Robert,M,Fianna Fáil,F.F.,15,0,0,11653,Elected,244,30,An Longfort-An Iarmhí,2016,Robert Troy
Dublin Mid-West,Tuffy,Joanna,F,The Labour Party,LAB.,12,0,0,2146,Excluded,201,643,Baile Átha Cliath Thiar-Meán,2016,Joanna Tuffy
Cork North-Central,Tynan,Ted,M,Workers Party,W.P.,11,0,640,1419,Excluded,173,5,Corcaigh Thuaidh-Lár,2016,Ted Tynan
Meath East,Tyrrell,Sarah,F,Renua Ireland,R.I.,9,0,2025,523,Excluded,189,34,An Mhí Thoir,2016,Sarah Tyrrell
Dublin West,Varadkar,Leo,M,Fine Gael,F.G.,5,0,0,8247,Elected,186,20,Baile Átha Thiar,2016,Leo Varadkar
Wexford,Wadding,Deirdre,F,Anti-Austerity Alliance - People Before Profit,AAA-PBP,14,0,1144,1472,Excluded,174,40,Loch Garman,2016,Deirdre Wadding
Kildare South,Wall,Mark,M,The Labour Party,LAB.,6,2333,0,4277,Excluded,182,187,Cill Dara Theas,2016,Mark Wall
Carlow-Kilkenny,Wallace,Adrienne,F,Anti-Austerity Alliance - People Before Profit,AAA-PBP,11,0,576,1582,Excluded,173,1,Ceatharlach-Cill Chainnigh,2016,Adrienne Wallace
Wexford,Wallace,Mick,M,Independents 4 Change,I.4.C,14,0,0,7917,Elected,175,40,Loch Garman,2016,Mick Wallace
Wexford,Walsh,Ann,F,Green Party/ Comhaontas Glas,G.P.,14,0,1894,1056,Excluded,176,40,Loch Garman,2016,Ann Walsh
Waterford,Walsh,John D,M,Non-Party,NON-P.,9,0,1691,858,Excluded,171,38,Port  Lairge,2016,John D Walsh
Carlow-Kilkenny,Walsh,Noel G.,M,Non-Party,NON-P.,11,0,2754,164,Excluded,174,1,Ceatharlach-Cill Chainnigh,2016,Noel G. Walsh
Dublin South-West,Warren,Karen,F,Fine Gael,F.G.,16,0,1699,1088,Excluded,221,19,Baile Átha Cliath Thiar Theas,2016,Karen Warren
Louth,Weldon,Garrett,M,Anti-Austerity Alliance - People Before Profit,AAA-PBP,11,0,0,3462,Excluded,174,31,Lú,2016,Garrett Weldon
Laois,Whelan,John,M,The Labour Party,LAB.,3,5822,0,2856,,165,27,Laois,2016,John Whelan
Dublin Rathdown,White,Alex,M,The Labour Party,LAB.,6,0,0,4048,Excluded,230,18,Baile Átha Cliath-Ráth an Dúin,2016,Alex White
Dublin Rathdown,White,Mary,F,Fianna Fáil,F.F.,6,0,0,4220,Excluded,231,18,Baile Átha Cliath-Ráth an Dúin,2016,Mary White
Dún Laoghaire,Whitehead,Raymond,M,Direct Democracy Ireland,D.D.I.,7,0,3490,213,Excluded,242,21,Dún Laoghaire,2016,Raymond Whitehead
Cavan-Monaghan,Wilson,John,M,Non-Party,NON-P.,10,0,1812,1023,Excluded,174,2,An Cabhán-Muineachán,2016,John Wilson
Louth,Yore,Maeve,F,Non-Party,NON-P.,11,0,0,2746,Excluded,175,31,Lú,2016,Maeve Yore
Kildare North,Young,Brendan,M,Non-Party,NON-P.,9,0,590,1200,Excluded,173,26,Cill Dara Thuaidh,2016,Brendan Young
Dublin South-West,Zappone,Katherine,F,Non-Party,NON-P.,16,1557,0,4463,Elected,222,19,Baile Átha Cliath Thiar Theas,2016,Katherine Zappone
